,0
0,-501.25213418803804
1,-938.2089894972186
2,-546.0782895279824
3,-680.3452879853489
4,-405.3988519258831
5,-322.21594059105524
6,-3693.663931165155
7,-242.09986818777108
8,-626.7128522883802
9,-174.05332165333246
10,-1073.166587503088
11,-2579.7937599417855
12,-171.3650967447999
13,-1684.775970609871
14,-721.0483699269021
15,-635.666029963777
16,-356.69802023750884
17,-194.54012346201208
18,-171.21723549424996
19,-1040.120478889663
20,-223.38932077647434
21,-333.44053858671145
22,-822.4184006184921
23,-1374.7743045335187
24,-726.2357577502123
25,-736.9132723032449
26,-381.6247752776461
27,-422.62434278707093
28,-580.1507266779698
29,-819.1792674814515
30,-298.925154444618
31,-2214.4685574379046
32,-170.9422457683927
33,-810.4263376844272
34,-1642.97615391624
35,-1236.0731960161568
36,-1047.0879459623234
37,-1118.5035993174802
38,-327.22239887325605
39,-1568.2391765749437
40,-993.8247933546893
41,-1230.4957566180854
42,-268.1860486473234
43,-1540.2675623193259
44,-1449.451427089827
45,-341.41672044244604
46,-370.4253977240601
47,-502.69856551588833
48,-863.3740589819756
49,-3044.7259125532946
50,-834.6949945370321
51,-1739.2292479936032
52,-444.62263396258925
53,-633.8024399789297
54,-730.4725838785473
55,-1177.9729259513558
56,-4720.178474164944
57,-2626.511827521999
58,-879.4272094960498
59,-4679.570600390693
60,-1737.656055934634
61,-4205.063875817397
62,-1467.5697908183806
63,-4603.5122568228135
64,-4061.8836509517078
65,-1713.3840592617773
66,-2376.61779822098
67,-5659.388738184657
68,-1655.1432649427356
69,-1979.1787398558063
70,-1183.0970768398815
71,-3665.6538340575626
72,-2278.913078726868
73,-3485.5013291300615
74,-772.8504182969739
75,-709.5636475180775
76,-895.0552228258305
77,-744.7004816783237
78,-2722.3750139846534
79,-694.998897144618
80,-1080.8055981763284
81,-1235.1709955934648
82,-2671.237716956113
83,-2519.466783633037
84,-1251.7504043251643
85,-2123.6708625642855
86,-1529.6653966403576
87,-365.2487612498656
88,-872.6628537346868
89,-708.8185867049897
90,-1512.8255476489344
91,-3547.081959578837
92,-384.6163416321082
93,-701.3854228259701
94,-1674.7739752239204
95,-636.8316360581639
96,-3092.4616009960373
97,-129.83152955153133
98,-1141.800361074337
99,-2213.1392565758706
100,-2032.1200588851702
101,-649.8214898200587
102,-307.84665228099396
103,-1040.476598472087
104,-1247.787521339595
105,-305.2415321580494
106,-649.4700513651567
107,-1347.0067412970393
108,-1232.8362012707846
109,-1715.7825327582798
110,-1320.614061265258
111,-1687.1176973416614
112,-329.8154163200083
113,-373.9222100585852
114,-1179.2042134535984
115,-686.5731489440598
116,-98.36595830088734
117,-1735.1363595597036
118,-710.4142514748363
119,-507.75198166290556
120,-653.4567661459137
121,-541.149303873907
122,-732.3161388563997
123,-292.575197700732
124,-806.6501912581492
125,-324.24280004794207
126,-776.5669531148671
127,-502.90921297548107
128,-191.6575689504125
129,-2667.070334108037
130,-613.9914016625014
131,-1619.1133630167174
132,-217.80577975164374
133,-365.73328938093266
134,-621.1958687058265
135,-1119.7487233174204
136,-1343.9869750965447
137,-390.22055598179185
138,-307.9081404352312
139,-216.43401514226133
140,-926.2005717364868
141,-1014.0219055050947
142,-1685.2384458942877
143,-1240.6276444844382
144,-1594.2620107600524
145,-243.12003703972326
146,-403.8773515456097
147,-267.9466337629625
148,-370.3044320420236
149,-933.2304762100321
150,-620.9986554143213
151,-1186.2771277591164
152,-2344.8553548441505
153,-1806.7437888784261
154,-165.8136395081818
155,-1623.6575624275472
156,-1291.8106675106987
157,-1001.5517767955857
158,-180.84846745356518
159,-623.2985152120091
160,-480.7859595178838
161,-897.1794828344387
162,-159.12906382360637
163,-1008.367814397576
164,-1080.5532160665239
165,-263.65823070665874
166,-2019.2663335918373
167,-1221.8387550032644
168,-1236.8777597168073
169,-722.5237601905412
170,-331.01072559562135
171,-1110.9717952309206
172,-113.90798715042277
173,-536.8639525036766
174,-480.34649984627197
175,-448.33327331555984
176,-272.8281137799751
177,-705.5266315779668
178,-892.943118284508
179,-840.2896071799353
180,-340.9735539689083
181,-574.8578702224595
182,-1098.6134931812308
183,-172.1709359782624
184,-684.93625568218
185,-229.70023974905735
186,-452.6154759080314
187,-1973.7313697988286
188,-331.4833551652172
189,-1110.9009790224325
190,-296.21636870720437
191,-477.79845802136856
192,-934.8921608882861
193,-220.67077588981135
194,-1517.1393133388458
195,-310.32649970108275
196,-266.28163601789885
197,-1183.5110167430314
198,-1100.945670920849
199,-392.84933684162814
200,-1954.286956912386
201,-808.6140238479429
202,-3897.746959807713
203,-192.39699283523078
204,-495.5446559402476
205,-576.0941804876431
206,-1256.0884658844782
207,-677.1775011577602
208,-201.67795504313943
209,-398.4702402343994
210,-1271.7629314338483
211,-1986.0646404451095
212,-1014.6863239255114
213,-690.4369462166751
214,-1875.7676108769033
215,-2314.792648700671
216,-1025.310945600561
217,-984.332509232725
218,-903.4437274039146
219,-3043.2532521549874
220,-806.7273094705733
221,-4869.4192234949915
222,-1926.585104040131
223,-1498.3354089711768
224,-444.09542832457294
225,-1310.4067876615586
226,-2504.877964502689
227,-320.356365772249
228,-219.79404635831327
229,-268.29327965712775
230,-696.8351722171712
231,-275.21574109200003
232,-730.4229273342888
233,-956.2508811396657
234,-1250.254719366624
235,-172.40827445433746
236,-413.96199982313465
237,-537.7671795916003
238,-244.6715422083518
239,-1428.010062957028
240,-292.3575764901736
241,-225.60370871506845
242,-1238.6727803498197
243,-600.0784950750327
244,-413.92560414817075
245,-242.09122383917534
246,-98.08067726475119
247,-459.3560106091585
248,-392.06874332677273
249,-4832.94115873181
250,-677.376947788165
251,-224.12399728399672
252,-412.42745994028803
253,-182.9643099258607
254,-369.33026935480336
255,-416.9221065851952
256,-922.4313055470527
257,-2247.841879082807
258,-669.3819553767565
259,-537.8801704156974
260,-308.76118855242237
261,-600.0886395095679
262,-425.49235216558577
263,-812.7976881767449
264,-1261.3417516442346
265,-1051.2291068554978
266,-234.43227564424268
267,-551.9715460173056
268,-301.23276090338607
269,-1031.2542673363093
270,-528.8744952221385
271,-454.7598110380116
272,-244.57126271895376
273,-438.1425338026753
274,-576.5685006416758
275,-977.400214521638
276,-163.29325034611384
277,-1311.7147992227701
278,-329.58736894133324
279,-10929.745788127791
280,-321.6998336555139
281,-167.7880936199377
282,-319.67031041393045
283,-1310.7950090940258
284,-328.04230027784894
285,-379.5344641426252
286,-1312.3003475924118
287,-695.6291093558348
288,-179.22268609969498
289,-602.7082184953254
290,-635.8162645384953
291,-751.746379844538
292,-592.6105725047438
293,-493.47237521286667
294,-1292.5285716915905
295,-1121.8403572488392
296,-440.1163416621297
297,-2334.1506106963716
298,-536.1679115847901
299,-487.5352368317192
300,-1453.3279498139366
301,-235.5726585111206
302,-745.469000530797
303,-398.23096543707936
304,-413.80765681686535
305,-417.3430958733205
306,-1387.8117605066857
307,-356.45894325073095
308,-814.4323593863176
309,-1008.4024627583653
310,-532.3827321762019
311,-412.87416838856916
312,-545.5474913718648
313,-357.74168090508766
314,-479.91820444952737
315,-461.46384892076316
316,-502.25890871691195
317,-439.5329849808843
318,-1884.9744025818327
319,-358.9312991822337
320,-304.5721586979411
321,-360.19144455484025
322,-428.26013641814194
323,-499.51945346097233
324,-311.9445092802102
325,-430.7934824259034
326,-609.8177095491625
327,-433.8020174970893
328,-392.7718767457493
329,-578.7766646843684
330,-848.7647644285312
331,-444.87843843718866
332,-431.6220073599017
333,-432.40820448012846
334,-576.0961460503397
335,-443.2311551262427
336,-869.2836799573495
337,-590.1363952400856
338,-424.3428819797953
339,-515.3769277447541
340,-626.3533077585049
341,-541.9109622951705
342,-377.2577644687015
343,-393.3645496047273
344,-421.4094346433494
345,-574.9324960273434
346,-487.74271146977543
347,-174.93794902603068
348,-403.43530569355454
349,-393.3062988808757
350,-2107.924129983116
351,-715.4622453956075
352,-484.0500208522212
353,-401.9577431641129
354,-376.0461348491653
355,-650.800253613236
356,-901.0565104764667
357,-338.9928915457872
358,-226.62105488949652
359,-457.85486342901936
360,-796.7867292976034
361,-350.04472143259215
362,-240.6657988138647
363,-252.4459355409804
364,-471.44089373900414
365,-435.48145501381197
366,-489.0762475106342
367,-748.9468654575705
368,-756.5377205642075
369,-400.67636156485975
370,-304.20057031931697
371,-356.76879603915313
372,-761.4122569267181
373,-2668.7495461858507
374,-339.30250101683174
375,-758.5189585783542
376,-611.2031067649186
377,-227.5883260017249
378,-271.23475687442885
379,-694.4048623576218
380,-535.258264138243
381,-312.8882379053271
382,-252.78105129608355
383,-182.28008629523487
384,-242.38269291146332
385,-303.1172782728122
386,-206.5922006013368
387,-466.9851937573769
388,-333.35671828851326
389,-221.0370718646409
390,-395.70157073137875
391,-652.527117558098
392,-528.176759349556
393,-508.4248694664014
394,-478.3408554663888
395,-405.2469619903789
396,-625.1673296186605
397,-337.59153894367716
398,-254.00243415301037
399,-331.2719526777554
400,-1493.4388909437748
401,-780.1504451209814
402,-324.8291644460604
403,-424.1608636133028
404,-367.83676572984507
405,-997.5673686442318
406,-285.32060001533205
407,-835.4339446922993
408,-496.71914238155864
409,-359.24603719055875
410,-840.7145160897409
411,-458.19424248692235
412,-300.783729090148
413,-245.01480437687258
414,-580.6962288550038
415,-511.0779077431875
416,-134.98300764820368
417,-413.9245780788518
418,-725.18391464759
419,-258.24571489359766
420,-296.57324787697485
421,-342.3556504583783
422,-464.66314613964363
423,-402.79869563583213
424,-351.230384220999
425,-585.162056424844
426,-531.402305029601
427,-305.28894717571234
428,-708.6230554232192
429,-285.32004493789185
430,-521.4510887354164
431,-264.19528247122616
432,-395.6742438939742
433,-654.9606448887378
434,-295.1831871649967
435,-375.9542231416368
436,-510.79708237314935
437,-447.12841824919843
438,-410.46036570314214
439,-581.8151171376128
440,-314.70871286255056
441,-381.6213971829531
442,-408.83090850507017
443,-344.6599495283922
444,-275.25732416018593
445,-356.425046551818
446,-547.1474786898989
447,-578.2570528629556
448,-1112.965641290944
449,-1237.4393930998021
450,-377.47067898121475
451,-706.5647854227395
452,-354.64728004806483
453,-627.7980020816649
454,-245.44942723159195
455,-633.0309008769084
456,-184.0039863229809
457,-175.55858004126097
458,-220.94850315611944
459,-189.00489589724498
460,-231.10612988941693
461,-336.11233293530796
462,-205.4267378920452
463,-477.14203973775875
464,-242.92095707239963
465,-273.04822497406155
466,-254.13327244452827
467,-266.81817010565806
468,-217.66731302711716
469,-370.5653279230903
470,-576.265362903295
471,-510.6392278111461
472,-444.61094636241853
473,-631.7373277456329
474,-463.8263220405347
475,-358.7556256786896
476,-1057.5898689489366
477,-611.6942362334764
478,-592.678506274562
479,-771.3011459907325
480,-552.2614382931313
481,-504.47592462841357
482,-229.19323976937497
483,-289.9117410707737
484,-349.39165110893026
485,-407.07957527463066
486,-373.7880655007182
487,-651.9190872778743
488,-218.44279542159887
489,-571.7937132670125
490,-706.6201758296236
491,-427.4846991314843
492,-516.7052789461329
493,-468.9469110713808
494,-262.0708135457413
495,-362.42570133100804
496,-442.6745915837614
497,-545.2913621030375
498,-297.8384253269439
499,-843.2307809896918
500,-862.9874448356679
501,-679.457807286928
502,-637.4455132599751
503,-277.23108698928206
504,-119.8748322646847
505,-222.254174236385
506,-257.6609221362523
507,-308.1065661033406
508,-209.56099128607468
509,-668.6359490907262
510,-566.6629436336818
511,-900.8006942592073
512,-1173.2335980807316
513,-833.9772311476277
514,-348.8925453927944
515,-139.83182843009496
516,-699.0814211483223
517,-527.5161204463013
518,-238.6083167140581
519,-275.2500180722414
520,-277.5508154254156
521,-503.0444656967675
522,-162.68177860704003
523,-203.97927570725074
524,-168.1672672947263
525,-164.61463086608828
526,-266.0504821450587
527,-265.71524313802047
528,-257.2977033783304
529,-186.75972403947947
530,-340.43279099575545
531,-1148.8739932825913
532,-504.7928372312029
533,-202.5687933571303
534,-779.2214180750506
535,-368.6584492725544
536,-319.7660393807527
537,-519.023482927512
538,-713.6830837472223
539,-254.9255544909149
540,-612.5661390989733
541,-520.2609680617387
542,-506.80891306538194
543,-143.66407364642185
544,-177.0793769021433
545,-675.1853020112734
546,-731.989981077062
547,-708.840215733756
548,-183.3061499815085
549,-248.69300123642762
550,-340.1978393084083
551,-1147.2241957590254
552,-268.2566211992449
553,-414.5873989984109
554,-122.34465174612723
555,-445.0170314850194
556,-467.30616968939813
557,-373.6502628409204
558,-652.6938781182282
559,-440.94347526914834
560,-242.61080859943587
561,-218.80468137040728
562,-375.0001404072242
563,-285.21430746259
564,-504.1230631619037
565,-468.24398124944173
566,-389.53113518550657
567,-118.34828352087258
568,-269.5238471990449
569,-206.70739045407882
570,-685.1879410494121
571,-1509.1122760666092
572,-403.2494712755614
573,-518.6344686649993
574,-232.90336421626677
575,-1102.4079199024095
576,-1115.5757261251938
577,-392.750725357704
578,-744.0693707281872
579,-430.94821151276517
580,-498.61530852614567
581,-404.0707474045814
582,-502.26333968385984
583,-131.32341892268894
584,-718.1286758630586
585,-680.941903629903
586,-583.7697738293095
587,-319.0570173519994
588,-301.4386913238501
589,-197.83173494240023
590,-947.1338795355812
591,-549.7412477698074
592,-521.2226898251365
593,-130.38230348847387
594,-445.4285334422202
595,-684.6413862426217
596,-299.61855331919423
597,-750.4654242186709
598,-680.5744972944217
599,-640.9600523479359
600,-611.5920449359218
601,-236.1380953410635
602,-309.10190891028503
603,-515.166691626712
604,-600.6927089354358
605,-518.7923359874055
606,-89.64157403235419
607,-182.149940561331
608,-263.1957531423527
609,-527.7388279051513
610,-113.04534914774428
611,-639.4326463192585
612,-191.50773553944197
613,-378.4263939183645
614,-363.05275073230774
615,-750.8361757297963
616,-457.17737337198383
617,-585.8476732052121
618,-509.1735846930286
619,-423.75095574004894
620,-530.9368105748039
621,-908.2193599926359
622,-456.50798296616955
623,-315.46995129456616
624,-359.1358462919214
625,-19.428677187457723
626,-302.7494411029668
627,-634.3794403983441
628,-572.5882055801212
629,-395.91593597686017
630,-725.129249190029
631,-139.05294861518672
632,-468.4426197361501
633,-270.1997602429722
634,-677.8626485546534
635,-930.6874923016235
636,-361.70606134996365
637,-450.2942790799243
638,-367.35103927674186
639,-906.9795752878991
640,-370.2658702194047
641,-231.68261124453585
642,-346.9754634028107
643,-667.2313416524646
644,-64.67280554965093
645,-228.7661807454684
646,-962.7681682665718
647,-499.5623118701377
648,-1245.1363372194207
649,-444.10907521415027
650,-745.7058579148694
651,-322.7077658785719
652,-187.0608468273158
653,-277.9835860861495
654,-401.99184478861054
655,-173.8186654857229
656,-123.92228591679114
657,-162.46859359458767
658,-143.59407511825577
659,-131.6496241373968
660,-545.1008635995356
661,-371.61178309670527
662,-242.76584417560463
663,-40.68705753579486
664,-319.9282753965325
665,-528.8632355280549
666,-496.4987285647069
667,-393.90208390972384
668,-228.21191543154748
669,-205.96120418039334
670,-172.52812157610595
671,-197.8837130107916
672,-79.05972347189615
673,-98.01219493739849
674,-147.01058827577705
675,-40.38064376599583
676,-118.60888337142723
677,-110.43724904355865
678,-699.5349340193784
679,-749.6725441877371
680,-760.3820922421372
681,-372.0507868759235
682,-442.0606536388459
683,-255.29069778178808
684,-730.6390205346735
685,-622.7753717919655
686,-687.817348089231
687,-866.6387458318592
688,-194.6819245789889
689,-294.4475222035081
690,-49.72778697907765
691,-268.31754985304474
692,-700.1232856376207
693,-125.7512826743573
694,-476.56520768614484
695,-241.88165785878016
696,-134.9375197101005
697,-362.0149083418458
698,-77.31642901007618
699,-377.18819579102774
700,-602.6755277575019
701,-480.78657127069124
702,-495.14490228093354
703,-846.6538250145796
704,-472.2129793768518
705,-428.8339025738593
706,-447.68464593266106
707,-187.0332993098578
708,-122.81014983643608
709,-225.52724586785524
710,-555.1716780921348
711,-252.20916264610378
712,-248.1581534057164
713,-187.77726171736697
714,-122.05897673508812
715,-299.7305198873031
716,-57.119189764976234
717,-177.60158156747602
718,-530.4368429264574
719,-304.9461197198357
720,-330.84190204320794
721,-203.68861889759847
722,-376.8630401618718
723,-562.1591940923017
724,-405.0756751453124
725,-431.3795481895859
726,-629.2194076709152
727,-509.14889883035255
728,-375.7563629921385
729,-149.74180858716093
730,-171.86235146831336
731,-512.8522356703156
732,-561.7129982082567
733,-139.14718843874897
734,-147.5271513203865
735,-397.0937247819213
736,-432.3749807454589
737,-820.9315837558703
738,-38.2919817561782
739,-608.5486969995437
740,-444.8073351889071
741,-920.1931504292801
742,-157.1904688120464
743,-101.10224769181679
744,-145.4627225771074
745,-188.44755190470693
746,-220.72726148648633
747,-300.68516701499556
748,-489.1168931830766
749,-17.23516917091319
750,-390.7638315889144
751,-436.3888234582982
752,-472.70169448599466
753,-226.4693939679603
754,-354.2816754574974
755,-314.9424955314141
756,-502.0759727088125
757,-158.23665871847135
758,-597.8516464967134
759,-590.0889116874569
760,-278.18110418848346
761,-138.90239836557313
762,-83.92561292068544
763,-764.7512121973703
764,-292.3631198513024
765,-354.38934121123043
766,-440.0209458613855
767,-538.1448224120643
768,-156.27980279336782
769,-412.03430694876806
770,-240.7972484197157
771,-190.94394757371512
772,-494.29228449901865
773,-393.9344875522747
774,-295.3360203050906
775,-72.86279153702075
776,-332.7504300395325
777,-502.8619658494827
778,-378.6142574220045
779,-870.6384438483313
780,-503.2837418397896
781,-457.5257937874106
782,-512.1717281554598
783,-578.3797023667821
784,-419.58713387921523
785,-34.01008904663168
786,-377.3374138303927
787,-476.90451570825144
788,-515.3836043614798
789,-389.56544957989445
790,-211.06302197087044
791,-396.80960942326203
792,-546.6127314946459
793,-303.33040493439125
794,-511.99362294479187
795,-226.67207317499157
796,-380.807027415363
797,-187.47637826442872
798,-48.17474424588478
799,-110.17001312009377
800,-155.4267548394769
801,-79.98941391451069
802,-188.9474191203317
803,-213.96526323600952
804,-368.8211951353468
805,-236.3137828200325
806,-533.4023792050834
807,-628.5087837289732
808,-621.3838538221459
809,-401.5911836585043
810,-85.08638572660738
811,-142.4575243662732
812,-541.7689977238203
813,-418.53863372740386
814,-412.09311556721985
815,-353.94918409833724
816,-611.032750429576
817,-381.81374172923427
818,-251.3823529539024
819,-46.80841293446835
820,-159.9710710728215
821,-338.5455096681643
822,-216.3909818066134
823,-337.39104211200765
824,-581.1797843534546
825,-960.8580139878898
826,-1128.3334909301584
827,-421.89200417747276
828,-430.05803774011224
829,-418.5302142121331
830,-438.05164375535503
831,-537.7824275266486
832,-142.5819735548452
833,-383.76111410763724
834,-48.1498299831411
835,-113.82841706079859
836,-221.8736437146439
837,-366.84813381326586
838,-443.3674248911591
839,-323.32098896567305
840,-396.5745977145733
841,-492.72928688552395
842,-850.4797273231882
843,-673.2982515155361
844,-185.9695300539251
845,-320.62149231162425
846,-302.0980198874488
847,-583.0969213081124
848,-309.7102145436612
849,-99.56924346617798
850,-77.73395325394164
851,-139.86662656559886
852,-440.4916412550568
853,-620.3463621855087
854,-347.96858239807136
855,-127.05829271565167
856,-478.11588434180715
857,-593.4312710383645
858,-243.21456817074892
859,-181.3918052424921
860,-184.13812957099785
861,-373.1425571004818
862,-592.8895271438241
863,-74.00582001058582
864,-576.118388273122
865,-565.9738085059539
866,-731.438064280198
867,-200.4881668898287
868,-511.69925889963804
869,-680.3697069957525
870,-91.44283492846458
871,-546.5211951122762
872,-506.4163770754195
873,-133.96331666343954
874,-172.96917411379127
875,-309.12262091743503
876,-446.899151429188
877,-235.4243756295601
878,-378.74263207685635
879,-522.7449755665498
880,-670.9675660859674
881,-378.43594443425275
882,-299.2833235407355
883,-249.87246106550026
884,-89.02605704843035
885,-654.2740605511112
886,-329.52370105428054
887,-439.01435278668316
888,-177.6093724133795
889,-380.0356973787142
890,-409.1327460282043
891,-701.3408518964543
892,-154.4005611929279
893,-237.59616466567377
894,-194.90091617001883
895,-55.37712770316236
896,-164.66304730009284
897,-263.01340382932665
898,-190.4211345468963
899,-532.057221017961
900,-370.3143133287638
901,-365.7320225989238
902,-361.46935983701894
903,-439.7444119401061
904,-125.16773619256742
905,-99.11948412302738
906,-62.676178100086844
907,-503.8331139953144
908,-425.41174912960054
909,-781.6177917140511
910,-297.76959439014803
911,-302.4852366355203
912,-77.40992115614674
913,-502.128575293623
914,-319.66377921748
915,-271.6620561542246
916,-444.8166210596469
917,-439.0223385550038
918,-257.54404577846145
919,-152.22443225135555
920,-467.75420960453545
921,-289.56280984671827
922,-319.5636954019901
923,-370.70460141524677
924,-338.3258767157296
925,-763.8844458705113
926,-184.8063850923807
927,-214.24002674976867
928,-351.826217362966
929,-199.74141384942413
930,-118.60144049758225
931,-852.8367979441794
932,-313.85786368225985
933,-970.8647878231357
934,-73.20489835697903
935,-828.1728086237816
936,-461.1146282984158
937,-359.7848328314423
938,-315.8335472468994
939,-563.8742404393467
940,-696.7165643235205
941,-369.7727882276969
942,-286.18191152315774
943,-421.5806357180346
944,-416.46055256338116
945,-770.1072731949193
946,-55.86376684128244
947,-321.7830122599287
948,-273.7877441551617
949,-504.36029758820536
950,-242.86685476660534
951,-277.3417608402731
952,-522.8109637019126
953,-522.7280468402794
954,-447.7850697905908
955,-785.9716493564315
956,-474.1265678790568
957,-257.7045733580762
958,-879.1944344488352
959,-389.1577178483263
960,-716.3038186284302
961,-538.9031636378311
962,-63.376237160335606
963,-144.79318571405776
964,-474.5755117063743
965,-364.4209545261699
966,-310.0558158637158
967,-136.21405220780565
968,-77.60703865510841
969,-240.25588490781604
970,-14.034978809213957
971,-113.05452023447357
972,-217.51143880488414
973,-136.56004724799664
974,-201.66614574277395
975,-17.174994824341276
976,-253.30347252879156
977,-651.791507401121
978,-419.33369373253373
979,-174.17685111944945
980,-428.70879138056716
981,-163.01125330448903
982,-427.51133109172906
983,-458.64301662733976
984,-272.276430291685
985,-187.43807676517812
986,-536.1734325912453
987,-433.18595097308395
988,-56.51485228921032
989,-79.5659205465191
990,-198.12674457007643
991,-272.5409244365819
992,-901.5534938198329
993,-542.3899831064849
994,-582.4317390389025
995,-385.91568863840234
996,-497.25680277148774
997,-164.20434181213426
998,-112.13161246078704
999,-39.217427062109095
1000,-206.2914439982534
1001,-48.01420621319872
1002,-149.52116218232737
1003,-204.89244114878568
1004,-81.72496752838283
1005,-183.95021227938798
1006,-179.41746963239154
1007,-34.99051867211513
1008,-44.29998763061421
1009,-214.84182343323317
1010,-402.9235436536257
1011,-560.8798656965155
1012,-172.95511612624176
1013,-414.2042277917794
1014,-451.52314798799927
1015,-598.8582279950863
1016,-397.03435784306316
1017,-24.960072735884474
1018,-251.350607176651
1019,-797.835164090703
1020,-66.59450774913728
1021,-627.5994248696223
1022,-143.39244580558525
1023,-92.09589204053333
1024,-191.49022927526667
1025,-396.60006409640033
1026,-108.81245787972777
1027,-211.9156963418065
1028,-713.6941110919777
1029,-755.9266749002937
1030,-590.5809872281129
1031,-594.3087492696163
1032,-360.02172738704985
1033,-732.5825049506559
1034,-413.0441638402647
1035,-621.4557577919561
1036,-175.60530224972973
1037,-255.97641722766375
1038,-126.21198281604487
1039,-599.7846777798115
1040,-447.6309102124906
1041,-474.60071759376274
1042,-54.219793550336775
1043,-394.34985052052065
1044,-21.30266625942007
1045,-27.872784424892146
1046,-50.1286695071707
1047,-510.0250574574244
1048,-67.83791347140492
1049,-36.36985651779548
1050,-182.9185243221544
1051,-17.49094855036295
1052,-147.73685823803055
1053,-440.780786503711
1054,-346.66134620837136
1055,-171.84365947193302
1056,-126.39155527817053
1057,-228.13508785055643
1058,-659.0299427841911
1059,-171.28056484055273
1060,-160.15269580498835
1061,-122.29385851690641
1062,-566.9596403187365
1063,-56.362175702310104
1064,-9.072967409588657
1065,-669.3320731353328
1066,-200.1519238656254
1067,-119.43645983182904
1068,-405.7467937893241
1069,-111.42043816924246
1070,-137.0528720632199
1071,-284.64393296191236
1072,-434.05983761403775
1073,-38.94430198099984
1074,-144.69549773572646
1075,-54.82986534374784
1076,-431.9245776179571
1077,-178.17752583392047
1078,-27.612573593056062
1079,-59.2894022728764
1080,-151.1683677933076
1081,-254.53059588652013
1082,-121.02309788042042
1083,-1002.8639034239407
1084,-238.58523747789602
1085,-89.00734781985607
1086,-36.592683258596836
1087,-197.43340929762206
1088,-139.60277295804318
1089,-633.4149814989692
1090,-340.9702060470695
1091,-151.66360052437284
1092,-222.16237375555482
1093,-176.29466394560538
1094,-158.9297208848352
1095,-142.83522075818993
1096,-65.88935156494765
1097,-71.86033029546452
1098,-76.21098209062609
1099,-91.88666657871349
1100,-99.58016575260181
1101,-32.82993436455038
1102,-29.016708716823864
1103,-107.5209792776144
1104,-78.53868178589411
1105,-415.82861397765396
1106,-29.6837972161819
1107,-47.738883779248155
1108,-946.9147756730613
1109,-626.3197492777634
1110,-546.1492908675473
1111,-23.97824891616427
1112,-140.3474570092157
1113,-1052.4356260518182
1114,-76.9110628547644
1115,-200.1983022420395
1116,-110.0894274224328
1117,-8.15188551273625
1118,-203.917868235034
1119,-103.04385331827781
1120,-135.67950826171102
1121,-207.60861752164038
1122,-39.67391772423788
1123,-95.11062585851059
1124,-146.00010824327146
1125,-200.45607397466875
1126,-307.033527482171
1127,-54.90725505920054
1128,-72.23462888082868
1129,-82.22720933602224
1130,-291.48679115963387
1131,-91.58898069218303
1132,-177.54916371267768
1133,-86.47470260547817
1134,-156.95853937580324
1135,-161.5209911913155
1136,-256.6899912397965
1137,-775.0343956894667
1138,-61.94087716532701
1139,-33.3314536734437
1140,-50.4564579013049
1141,-697.6393440640267
1142,-110.28189172256926
1143,-179.29797306864054
1144,-532.9285807314214
1145,-290.381142936919
1146,-266.3908984917403
1147,-244.4076754761242
1148,-23.01583029107475
1149,-51.58617015040632
1150,-233.94398732275477
1151,-324.4216456756503
1152,-335.6423612884349
1153,-157.36097030509578
1154,-275.4369101234411
1155,-152.3467479176861
1156,-218.4751755118408
1157,-338.0949577054766
1158,-198.18912384808849
1159,-62.22631558686503
1160,-123.13450187911934
1161,-299.6783029756549
1162,-102.20628325145078
1163,-219.8161181234976
1164,-550.2903575660082
1165,-168.3322644754184
1166,-214.92363208042792
1167,-140.2802680813975
1168,-374.2567404371957
1169,-454.7568534267945
1170,-480.12674340439196
1171,-34.644453430233135
1172,-193.60760670071437
1173,-51.374495472723154
1174,-143.6682290119163
1175,-135.23979237463442
1176,-336.1348475089983
1177,-58.065125708040355
1178,-58.09914608207351
1179,-269.19354068997274
1180,-461.9955712588795
1181,-364.54771825541127
1182,-18.180647859990334
1183,-82.40778270940928
1184,-133.58402609896146
1185,-96.06597015040525
1186,-290.52196986985274
1187,-144.85364642779638
1188,-590.5774526029118
1189,-336.28726107430225
1190,-158.0248641068046
1191,-74.32497832250755
1192,-120.63713998798977
1193,-1080.7722635555729
1194,-69.98447322536536
1195,-120.28627130996084
1196,-83.47522338727607
1197,-188.65060575140936
1198,-324.8278954760433
1199,-111.36512514618454
1200,-236.27451415008036
1201,-199.58562415102904
1202,-302.4624086421429
1203,-165.7591636016162
1204,-66.60936082462379
1205,-56.261572384721575
1206,-329.0901542450647
1207,-96.06593653162747
1208,-440.242808658799
1209,-81.61634738663903
1210,-157.43079005854986
1211,-209.37564597117876
1212,-212.44535430135218
1213,-36.46369581241666
1214,-71.10211496434954
1215,-545.6888774929478
1216,-141.5332783887444
1217,-75.11982910317985
1218,-406.5234495372519
1219,-562.8267592523982
1220,-98.96469616223101
1221,-117.30772766880474
1222,-138.28150346015866
1223,-94.3437277831525
1224,-29.41135865596621
1225,-175.5661339099417
1226,-155.56392426219676
1227,-168.3956468053982
1228,-178.05312776488628
1229,-643.8939448350476
1230,-113.08033390654616
1231,-258.640578135873
1232,-140.60664963889872
1233,-133.25098967406205
1234,-181.91186564618582
1235,-127.18531266199577
1236,-468.2025007120987
1237,-195.2131559867219
1238,-47.86545535198556
1239,-196.13192413927013
1240,-79.92020507683677
1241,-576.4553996489951
1242,-476.54765358714576
1243,-95.5435918998727
1244,-56.227894678381425
1245,-197.9148155936638
1246,-144.76262541808168
1247,-601.8057842863946
1248,-368.9581285879184
1249,-136.5321649612366
1250,-258.02221810954615
1251,-334.8276140718158
1252,-103.12190778887881
1253,-168.28973227457277
1254,-265.97676766791676
1255,-45.32161646214611
1256,-50.51877571666317
1257,-67.18528191791115
1258,-139.06108513168368
1259,-262.86119273195754
1260,-43.32882493466859
1261,-114.82236157771501
1262,-218.1272955096864
1263,-611.1380636092397
1264,-382.7676175272587
1265,-541.5092433223514
1266,-149.06714664987044
1267,-92.04019392399228
1268,-363.2455149512856
1269,-203.34871272229765
1270,-7.815187613071627
1271,-45.7148368610718
1272,-201.9887348642099
1273,-160.01231017403225
1274,-92.22706438480233
1275,-109.81360426065798
1276,-201.740104350137
1277,-204.22113287272185
1278,-10.826937269244649
1279,-11.067946946430073
1280,-137.97314147791582
1281,-178.60531781639673
1282,-494.3188574873959
1283,-298.1319308793878
1284,-598.1567471304102
1285,-37.782163777829965
1286,-181.43452754499117
1287,-250.51818760450385
1288,-95.03582087660786
1289,-45.575342519258015
1290,-179.88636960475313
1291,-349.6825221424474
1292,-330.525873758839
1293,-157.87675129133856
1294,-6.216502084929427
1295,-208.22135811238834
1296,-109.81326284705705
1297,-105.00962523308436
1298,-173.71523191025793
1299,-162.23765902445632
1300,-595.8519038432543
1301,-82.73179488116575
1302,-142.54467791775892
1303,-150.5484318714844
1304,-149.01001841261046
1305,-143.24264313557217
1306,-375.8947733807619
1307,-46.64406418814174
1308,-246.55803303324228
1309,-103.82257575945835
1310,-621.3153044832562
1311,-723.9922168992646
1312,-151.72165090448235
1313,-298.1963021330994
1314,-467.8946646324456
1315,-51.10206806861531
1316,-205.80641992556792
1317,-296.7563023104366
1318,-226.65490933229626
1319,-132.10329071879025
1320,-231.3051973740493
1321,-82.19578791343935
1322,-106.89291961815991
1323,-127.3691856384826
1324,-317.44937245739106
1325,-149.21896650241524
1326,-25.93304415406297
1327,-135.89596151415662
1328,-97.28423394613563
1329,-86.05148945694718
1330,-167.65736688810438
1331,-220.32924403188497
1332,-239.67258634715787
1333,-113.61529522328196
1334,-398.52008807299836
1335,-64.72822705181927
1336,-33.35914774162205
1337,-587.371753935189
1338,-168.60356613262238
1339,-327.83954124097306
1340,-145.7483074529271
1341,-11.696362097208592
1342,-148.15961078961104
1343,-267.0508211098912
1344,-287.0435016467765
1345,-195.13459812168537
1346,-526.891479937777
1347,-168.69030461719552
1348,-82.7775711839656
1349,-7.5727195286625975
1350,-279.49655226285154
1351,-534.9678711117431
1352,-23.894465493222455
1353,-132.5936892486693
1354,-385.37279774296337
1355,-976.971911342208
1356,-255.49951952028036
1357,-601.4814838262757
1358,-59.82673751847192
1359,-105.37988127160467
1360,-241.4382875262249
1361,-154.80652325942071
1362,-41.35403710037469
1363,-483.84567226212994
1364,-59.64444066966507
1365,-82.3131012895847
1366,-567.6171196536666
1367,-591.8329147757636
1368,-108.22594544693052
1369,-132.3722400986958
1370,-149.96820985316526
1371,-53.937841625577924
1372,-79.02220067688944
1373,-141.45084512979759
1374,-39.521595975766864
1375,-180.80798272680045
1376,-222.66607616057848
1377,-820.1287830128355
1378,-12.451568460055338
1379,-95.80533840234766
1380,-178.18366858283864
1381,-309.3089191537954
1382,-226.7217232131223
1383,-23.7177215894501
1384,-149.07927950385266
1385,-171.31012441211053
1386,-38.74052523179367
1387,-95.19340817551117
1388,-77.14923353787295
1389,-463.6528040950045
1390,-24.041140934699072
1391,-399.55790874107305
1392,-242.41881768734902
1393,-432.21124396294056
1394,-255.20808568828784
1395,-535.4690426500304
1396,-131.75374250629454
1397,-240.20616569969025
1398,-128.64722857077038
1399,-118.89137892383171
1400,-138.2004913213104
1401,-368.61947479223295
1402,-440.3275971078827
1403,-44.08294266415628
1404,-170.99440208907214
1405,-374.2018506754566
1406,-584.1838135960968
1407,-21.616167607159284
1408,-123.24050958669619
1409,-81.61034448694186
1410,-121.54025914496016
1411,-108.61750212398277
1412,-131.97718083392397
1413,-105.4241716239396
1414,-62.623410325392214
1415,-85.70850866218456
1416,-536.4087822138595
1417,-96.55886892423754
1418,-148.99468395297058
1419,-87.55390865696978
1420,-118.2800736653358
1421,-13.87625814498189
1422,-667.8305762552338
1423,-136.70381626980333
1424,-682.660811442137
1425,-118.55237017149874
1426,-175.7884208094007
1427,-117.25324630277497
1428,-163.38857526521838
1429,-666.1883604434995
1430,-112.5230551402241
1431,-25.651057924768565
1432,-83.53983894179444
1433,-795.5103707312211
1434,-84.95961913133608
1435,-41.25713862509427
1436,-540.7747440222711
1437,-238.93022058641958
1438,-267.2424999906253
1439,-287.08205410922994
1440,-552.5452770968891
1441,-149.56059839266482
1442,-214.82666841110412
1443,-699.6385601352927
1444,-400.04375231022357
1445,-25.89161084610652
1446,-40.07975581135889
1447,-275.0759043391773
1448,-186.97969139658727
1449,-39.919410830780635
1450,-420.2209101128037
1451,-628.9968744585126
1452,-146.01793937780835
1453,-521.045405934206
1454,-6.168228230103612
1455,-72.33644459570769
1456,-375.156012727509
1457,-695.2767550951535
1458,-437.06518617990935
1459,-37.63250462078079
1460,-19.9926876047288
1461,-80.49310287116836
1462,-34.3606724269558
1463,-4.764015528193934
1464,-6.528996340308449
1465,-101.17169543718693
1466,-785.4746208257623
1467,-85.23864864464157
1468,-230.64944087451693
1469,-86.72742731740362
1470,-173.22808083249163
1471,-135.46234385601625
1472,-614.2070242023719
1473,-130.08454989908103
1474,-392.6456945713235
1475,-21.08401323128078
1476,-70.77349083773703
1477,-21.073501839591007
1478,-209.39417458610725
1479,-188.3492527894524
1480,-57.64391445307751
1481,-257.80160473425235
1482,-226.3756575018204
1483,-335.0880159996112
1484,-318.81692901827967
1485,-214.78781980466655
1486,-6.207271717721447
1487,-193.0592885410026
1488,-338.3459466490009
1489,-243.36091267987337
1490,-562.6427761527477
1491,-34.72852810356828
1492,-184.43201817843436
1493,-93.79065647868455
1494,-42.38426893882574
1495,-84.45407448015408
1496,-108.70986499323104
1497,-171.47299674701088
1498,-381.8268186314108
1499,-165.39431442232524
1500,-79.28732886831312
1501,-293.700209508481
1502,-298.7276268518211
1503,-553.0099331645388
1504,-79.97949345400467
1505,-223.68114831345324
1506,-265.36801225539654
1507,-665.7707690151044
1508,-474.74169558421215
1509,-446.04751289481834
1510,-135.1813115503416
1511,-90.42032347674923
1512,-79.92641430812577
1513,-98.23867412697169
1514,-205.34096340045016
1515,-394.53512508735
1516,-265.9742813625219
1517,-92.37306432251594
1518,-60.108264949090206
1519,-145.28877041222154
1520,-102.44898707746214
1521,-81.41646904027267
1522,-230.29064643081853
1523,-543.4195136127457
1524,-235.40852496945223
1525,-55.918861166238244
1526,-488.40123400749235
1527,-218.49775706591663
1528,-523.1775662343836
1529,-12.824046850319903
1530,-250.4926202630836
1531,-17.939460388697782
1532,-137.72997682990265
1533,-23.667465171949566
1534,-619.2515257461266
1535,-185.51213494212368
1536,-197.68542505437875
1537,-542.6703914285579
1538,-22.97001036270326
1539,-51.58040328148255
1540,-498.16924069907327
1541,-164.45780180353216
1542,-202.40544117526983
1543,-340.05955652590137
1544,-302.13500634843666
1545,-257.9810513901484
1546,-48.635553000375054
1547,-228.2787148759682
1548,-844.5114085639993
1549,-207.29063574820387
1550,-307.60820265975997
1551,-136.29375949606364
1552,-30.18392916308507
1553,-59.86887733204013
1554,-99.26671550356518
1555,-126.9575085649767
1556,-134.8257265393116
1557,-297.6038188819016
1558,-111.23151053479634
1559,-21.08402005579771
1560,-172.91998327086662
1561,-132.3011608499497
1562,-227.16761124307214
1563,-109.17006881021334
1564,-168.84813126298496
1565,-97.56604973334088
1566,-256.37425536088097
1567,-57.70026518384182
1568,-85.71441850570163
1569,-105.8724556460129
1570,-18.16832852891385
1571,-1062.5302026912348
1572,-114.43861065816012
1573,-462.97902907830326
1574,-159.34148255129915
1575,-156.28545600110547
1576,-235.17752365770156
1577,-268.554661327252
1578,-275.23132057836324
1579,-17.785449746509123
1580,-187.71051783337845
1581,-58.443677637185324
1582,-121.92434189126325
1583,-281.251518874212
1584,-25.745323011320032
1585,-49.813446930072125
1586,-124.76214924178322
1587,-88.96676320677236
1588,-149.5376625369572
1589,-195.6793613274942
1590,-305.2593317067209
1591,-142.59237163468146
1592,-159.48481883565518
1593,-226.72589218878397
1594,-177.44657528622272
1595,-57.81523760688218
1596,-63.804472438698234
1597,-115.17780835809222
1598,-310.4833501226299
1599,-68.20400188326357
1600,-267.89257269404607
1601,-84.38434031604379
1602,-210.99154841916067
1603,-49.593978614679294
1604,-79.55905227358477
1605,-68.65535779362875
1606,-235.39986399188354
1607,-223.73259053085232
1608,-431.63093062170583
1609,-468.2455370673033
1610,-88.28033273544189
1611,-117.75092009003882
1612,-127.40177322960749
1613,-80.31666865069212
1614,-252.19588732473593
1615,-145.87751302320584
1616,-97.74502369369472
1617,-52.393770213032184
1618,-286.82233526664044
1619,-183.87445176182223
1620,-132.02630268167908
1621,-293.95543175755574
1622,-273.62495117793094
1623,-95.50422294072379
1624,-168.14616148266697
1625,-16.623201003738238
1626,-18.756124285737087
1627,-372.68012341421843
1628,-20.27659046562966
1629,-24.9686781969522
1630,-176.2298369746652
1631,-99.94470582421208
1632,-108.52167419692321
1633,-184.02786462507842
1634,-295.4757736624215
1635,-44.19399879274441
1636,-142.07201907336452
1637,-158.66632778430449
1638,-676.7722743541115
1639,-130.53769996184417
1640,-70.36869090274119
1641,-113.80356990694496
1642,-247.8539713061828
1643,-278.9183191481116
1644,-193.781941052206
1645,-343.9038364961842
1646,-680.3548266169582
1647,-170.01509402747894
1648,-12.812192150872113
1649,-370.3477068038613
1650,-185.68929454432063
1651,-343.1829524454843
1652,-254.29799992257287
1653,-39.16992297247042
1654,-20.30548040930244
1655,-36.593031315631585
1656,-193.06596521196934
1657,-146.47496576359526
1658,-141.8051421757174
1659,-361.84604923845455
1660,-295.04646005366334
1661,-487.9584292438155
1662,-12.851824292115008
1663,-62.406593277047655
1664,-441.44542741906423
1665,-221.1319695874812
1666,-262.8569043893093
1667,-336.4112952682117
1668,-185.6846626845349
1669,-695.4151273804857
1670,-20.512435041813276
1671,-721.8367814512444
1672,-410.7834993477927
1673,-1.973443354527522
1674,-150.13728283997526
1675,-16.150918756073715
1676,-17.535903824367644
1677,-254.05205935604704
1678,-408.1475437092042
1679,-72.97690762141467
1680,-104.01460438416433
1681,-33.036575420488234
1682,-9.629759069040427
1683,-58.54768548109579
1684,-83.87631822103867
1685,-529.5984314064876
1686,-169.6708725981772
1687,-68.2524278926144
1688,-60.04383398807162
1689,-49.63279212224182
1690,-184.40051924814315
1691,-120.85624137117387
1692,-665.1096340084855
1693,-113.56849840858496
1694,-166.0690240564836
1695,-360.0087552501207
1696,-103.28161982465211
1697,-93.99954875845128
1698,-95.78919052854066
1699,-109.83140431484681
1700,-64.8793524802087
1701,-215.8249967279114
1702,-283.214365655752
1703,-200.89395856784427
1704,-150.80711001152235
1705,-117.72461315310828
1706,-150.7413408879134
1707,-42.95768058680406
1708,-11.838567711824819
1709,-131.11572454177298
1710,-116.10123642336842
1711,-354.55236324512424
1712,-133.69007966882398
1713,-9.642501751627698
1714,-105.33894956377465
1715,-26.9438933263217
1716,-222.62608762434465
1717,-465.23480598577237
1718,-144.18429885046342
1719,-16.380670126292515
1720,-95.57572970008825
1721,-229.28751015935552
1722,-137.3855390083945
1723,-196.6229951502866
1724,-437.31230188782683
1725,-286.89910906961984
1726,-424.1711722819197
1727,-50.33344322411338
1728,-328.70381212258684
1729,-187.6461286305872
1730,-146.83824141319656
1731,-19.110252390448927
1732,-228.8815810594977
1733,-99.83198726868255
1734,-168.45480617941038
1735,-150.57073951625375
1736,-115.76558771244896
1737,-494.6111484630402
1738,-182.12368809723256
1739,-140.04403951237546
1740,-16.360350942235595
1741,-91.52703629106541
1742,-79.72288044741111
1743,-415.9383416406562
1744,-101.97514040277309
1745,-469.8683651718319
1746,-106.91100055278974
1747,-162.63101018769925
1748,-387.2577365236283
1749,-230.19383338025438
1750,-167.339605694284
1751,-312.7860768431038
1752,-86.1095239320134
1753,-170.41737825076507
1754,-82.05710964249977
1755,-115.97048175921395
1756,-36.354430097994076
1757,-71.26891218621057
1758,-137.4383932609747
1759,-132.901510138336
1760,-654.6143729379473
1761,-207.58107734790514
1762,-133.1943602144459
1763,-409.23361203655395
1764,-212.13115574005732
1765,-87.89529124923541
1766,-71.12034597586393
1767,-99.57165814203378
1768,-425.65814364616836
1769,-7.530852181609851
1770,-85.38335644395617
1771,-132.03933535187835
1772,-75.21197932030162
1773,-377.8335162847608
1774,-241.05720531005335
1775,-158.6554441069524
1776,-66.08848481768759
1777,-222.51879457438224
1778,-103.87139486184799
1779,-437.26625272054446
1780,-10.927085153154746
1781,-118.27501131212453
1782,-214.3835626971716
1783,-121.00274904114303
1784,-115.68655387736825
1785,-37.55590533536492
1786,-92.0008871606237
1787,-24.380565780714967
1788,-100.67279686005243
1789,-229.19299986364996
1790,-94.00103370629631
1791,-478.777036552013
1792,-432.97531563568845
1793,-122.6696579657209
1794,-122.57226106294515
1795,-462.9360164087933
1796,-80.42269367572459
1797,-176.2555501992824
1798,-217.58789444481647
1799,-23.63358772665891
1800,-157.66081577013628
1801,-75.37791038077442
1802,-75.10657899391373
1803,-137.6624865713555
1804,-489.04606887792085
1805,-475.13735355230597
1806,-179.9054817165005
1807,-265.7884910627655
1808,-230.59217002013787
1809,-113.09911817815214
1810,-196.77399487442767
1811,-9.328978854930137
1812,-198.68015267501255
1813,-210.95439013310016
1814,-100.63144820590104
1815,-409.03185602151945
1816,-189.8486760613081
1817,-801.5812946062676
1818,-98.83176703565547
1819,-14.263129717664594
1820,-150.52189072496222
1821,-45.99004485656302
1822,-158.96395595601916
1823,-177.15416837626265
1824,-23.88852564028462
1825,-132.43548119938583
1826,-4.785585454448636
1827,-411.97539620630613
1828,-101.97926131553851
1829,-86.13113570085585
1830,-125.975928799169
1831,-697.9718897731047
1832,-103.79052773635408
1833,-85.41881163469205
1834,-253.88553084276563
1835,-208.0690165404783
1836,-72.59616609522382
1837,-45.75518439122334
1838,-110.77723304016891
1839,-54.83995349309862
1840,-726.5327213728325
1841,-226.53830501846335
1842,-121.95372243340023
1843,-42.436507596318066
1844,-304.6536833197687
1845,-163.5800981797033
1846,-191.38416241525692
1847,-132.7964292329822
1848,-31.208256676803135
1849,-126.51104321561411
1850,-38.825128811608465
1851,-488.1756869893355
1852,-42.182668591372554
1853,-96.70322493761718
1854,-161.28392591481233
1855,-117.38039749400303
1856,-199.89652782570914
1857,-201.01741215108365
1858,-166.8670322801278
1859,-380.14490913630686
1860,-144.73843614719414
1861,-42.45244193677688
1862,-263.28668696023067
1863,-96.25332585561343
1864,-218.14925428724044
1865,-197.45851038501002
1866,-176.80169831018827
1867,-170.161120805471
1868,-97.37256715691865
1869,-285.0265309050616
1870,-265.2661720938071
1871,-98.36104502007066
1872,-154.99543403554003
1873,-16.261037824498242
1874,-115.84966454118083
1875,-84.59459082562262
1876,-157.4027855758422
1877,-111.25801516572068
1878,-289.1757395154408
1879,-166.88894904466372
1880,-128.90180543363402
1881,-196.31948878861283
1882,-172.05712069257737
1883,-96.78624330604256
1884,-184.95531667337457
1885,-561.2784732495725
1886,-262.1903365790074
1887,-59.421743364219836
1888,-854.0024327815415
1889,-191.3233487642451
1890,-116.69771282074834
1891,-498.408174475328
1892,-46.43104505786724
1893,-207.32046899709462
1894,-40.443552109998066
1895,-252.1822135583474
1896,-145.1706215338356
1897,-35.38172276735839
1898,-165.60830221681977
1899,-3.7533814596953303
1900,-23.920915519148572
1901,-102.7298496770593
1902,-193.01601584674452
1903,-303.1822027038346
1904,-74.40667750370045
1905,-145.1406666158793
1906,-27.00212746811728
1907,-48.034881598539094
1908,-291.6878451705393
1909,-265.98078700938447
1910,-648.2748146256965
1911,-91.84426071751967
1912,-301.1538754033545
1913,-82.90550496885139
1914,-52.35840336578808
1915,-256.44966734619334
1916,-280.47084844525125
1917,-12.439727207073394
1918,-347.38803539552697
1919,-112.99513244354546
1920,-218.48563989522017
1921,-266.64614403907234
1922,-200.86024651911677
1923,-138.06688965006708
1924,-405.29450724521286
1925,-31.096296619979036
1926,-253.56641483376177
1927,-224.918329869545
1928,-158.77316134082315
1929,-86.90795365577922
1930,-31.019328476719135
1931,-434.9041892000696
1932,-405.1116715674338
1933,-791.6975811594966
1934,-148.12562537886225
1935,-693.3325801550461
1936,-77.56886457185162
1937,-12.740255709746709
1938,-40.68944938273925
1939,-15.357323766986706
1940,-80.04879232127217
1941,-80.04606680293813
1942,-146.91778380013207
1943,-42.348391629112285
1944,-190.72699413475527
1945,-584.6065045537695
1946,-143.2095189962218
1947,-229.4856957526379
1948,-148.81419575566906
1949,-739.6369759849292
1950,-13.751334127919595
1951,-620.492627376779
1952,-365.9666412770013
1953,-45.82241337037608
1954,-108.41651485418626
1955,-122.90340559142639
1956,-340.97020177026315
1957,-358.5524837756775
1958,-187.05054291304424
1959,-120.25572389328147
1960,-298.6917726344155
1961,-162.97619017032162
1962,-30.73063793350252
1963,-494.8208142461044
1964,-267.49734497079123
1965,-62.63565932413212
1966,-32.82194007366482
1967,-57.03918937899735
1968,-718.2280030301914
1969,-45.34723170260325
1970,-110.63630609052129
1971,-20.413724126231333
1972,-190.45469024721208
1973,-337.4840480044992
1974,-43.639097074646656
1975,-149.7605655845801
1976,-9.945350456923926
1977,-661.629930117261
1978,-184.84957797366974
1979,-150.7773941194714
1980,-330.50014303015877
1981,-115.39320934404262
1982,-76.19195993591939
1983,-158.2108832020933
1984,-173.3378614297436
1985,-61.063845488578366
1986,-148.69973942898395
1987,-154.72666911137833
1988,-610.9130754798286
1989,-587.3469235604769
1990,-99.41497643103452
1991,-107.12045333574466
1992,-65.8318744753926
1993,-914.6613801242289
1994,-582.7816859686443
1995,-136.0117964936118
1996,-491.51296810069573
1997,-219.85258308028654
1998,-300.1519088118513
1999,-222.6339983406422
2000,-566.879793478131
2001,-122.68507530949415
2002,-81.71142870973418
2003,-130.3721531174478
2004,-119.31321814804257
2005,-243.23429567180912
2006,-188.89012440595366
2007,-39.83064287860057
2008,-935.2129349106302
2009,-204.9089299438279
2010,-315.0790997975899
2011,-50.08015906173915
2012,-127.52881057764601
2013,-57.050624006170516
2014,-87.17841417941861
2015,-52.55067486025571
2016,-80.39870150209832
2017,-332.27272435958184
2018,-93.13003470106463
2019,-276.64412785149614
2020,-153.3932695198766
2021,-547.1210150727225
2022,-64.39407667156858
2023,-486.565395370119
2024,-587.8556699360407
2025,-156.63892610720265
2026,-168.52037973300372
2027,-102.27093102058885
2028,-72.33218546722213
2029,-137.07357985572736
2030,-46.72993156731718
2031,-306.17809234460503
2032,-15.121774122886665
2033,-770.9760377294353
2034,-808.9369292598736
2035,-87.18431460898162
2036,-732.5245692207218
2037,-20.29764385624022
2038,-65.5218845781731
2039,-6.9198602246780245
2040,-188.44960579208998
2041,-189.56348337158295
2042,-379.0398393225582
2043,-76.208005452794
2044,-309.4584595381747
2045,-83.53281765702438
2046,-34.81419695918043
2047,-245.26369863635375
2048,-757.3676702310746
2049,-178.38332049974468
2050,-2.7730995199751156
2051,-141.07790074130963
2052,-92.78318396235952
2053,-538.4457337384476
2054,-31.386602215696588
2055,-266.26372306363663
2056,-208.3127315732278
2057,-67.86875204684631
2058,-376.81840292528454
2059,-500.1397612616998
2060,-86.1717437741884
2061,-402.3175820461673
2062,-256.5950718291436
2063,-160.40305678776883
2064,-64.08478284818614
2065,-170.647721397335
2066,-719.6658292453807
2067,-458.3055418961606
2068,-150.08445007907156
2069,-55.26236113526849
2070,-168.38464404870302
2071,-177.4828420731903
2072,-84.1419590505584
2073,-288.84055878674434
2074,-106.78607379821233
2075,-320.5122458232484
2076,-174.7190551617562
2077,-517.2824496749374
2078,-108.41198647512618
2079,-166.40119078262546
2080,-46.02843711175845
2081,-168.28433204079056
2082,-16.662468973356763
2083,-172.25262228510982
2084,-129.0331283988699
2085,-160.28465195841733
2086,-29.733568956745152
2087,-269.6056972653185
2088,-143.8415253451344
2089,-153.66813618566587
2090,-329.16821354571005
2091,-37.576250993330326
2092,-209.83895045061968
2093,-54.26170101359149
2094,-204.70578371261007
2095,-23.632403556894822
2096,-66.48750987501424
2097,-127.19117959744982
2098,-112.41470020346038
2099,-147.56432011488639
2100,-66.84404294659382
2101,-221.79789871907866
2102,-72.74859684442782
2103,-64.93596491500719
2104,-202.0643507445565
2105,-374.7389425271175
2106,-21.803318251351662
2107,-55.51429718260145
2108,-154.10158833231938
2109,-341.5721933900093
2110,-497.73842846367626
2111,-179.8233544852859
2112,-77.23360072538554
2113,-164.04204291036274
2114,-182.5169255888024
2115,-311.7418963099119
2116,-425.0219592559944
2117,-214.74726882629918
2118,-629.040944546225
2119,-107.84463172891998
2120,-337.37158193404275
2121,-222.1904834069194
2122,-274.7316557345297
2123,-206.94538295963952
2124,-195.89829686342324
2125,-85.52020608343491
2126,-31.197949077976116
2127,-936.466045887953
2128,-130.83398437171041
2129,-184.32644349168908
2130,-32.456556986419315
2131,-42.2844384777637
2132,-71.78476555020575
2133,-141.92483264017022
2134,-13.750422696631539
2135,-92.11057174967553
2136,-157.23550723484934
2137,-230.57791493818783
2138,-246.06324814143738
2139,-265.9622849060597
2140,-583.7479862347867
2141,-46.52095007775411
2142,-306.00363173502967
2143,-495.44483122419825
2144,-237.50053747113708
2145,-226.7569225802551
2146,-183.01245180949837
2147,-692.5562125117696
2148,-80.29294621780613
2149,-93.9818365042232
2150,-166.30761006196158
2151,-241.00401880149488
2152,-409.9078781179546
2153,-311.77833137577363
2154,-777.4008477028506
2155,-49.97605362969797
2156,-227.37454883181667
2157,-56.664410264460926
2158,-493.4684290210665
2159,-81.070887212424
2160,-406.80926752521543
2161,-184.095494746484
2162,-152.1459633681933
2163,-149.9334886661079
2164,-388.3406778158265
2165,-36.50774534225225
2166,-286.4759136673706
2167,-261.0067213611207
2168,-72.56849162770274
2169,-148.57266289358049
2170,-187.3158983471959
2171,-206.67817963523163
2172,-540.0786465328481
2173,-215.500200920265
2174,-182.05425535280511
2175,-50.53841051306956
2176,-299.45344159756667
2177,-80.0987850320578
2178,-19.921257350383506
2179,-134.87864869184006
2180,-63.305023717642904
2181,-219.7300361593881
2182,-69.66958378677862
2183,-151.90724924167432
2184,-4.705571982627551
2185,-221.17096332983587
2186,-23.232766261622217
2187,-47.20935565548564
2188,-68.82737676766413
2189,-65.2621920967529
2190,-98.10737910515682
2191,-81.04333454443452
2192,-188.44208043507948
2193,-445.9594543636191
2194,-140.73442504854395
2195,-247.90634295023813
2196,-85.0447656070067
2197,-64.88068476413103
2198,-61.594941806659094
2199,-418.78735589854443
2200,-335.2574010287498
2201,-636.0326951375325
2202,-209.8393224561106
2203,-171.29624545718033
2204,-429.2701891454899
2205,-91.16394793126103
2206,-122.79446398059588
2207,-13.818793152373695
2208,-192.134760869353
2209,-10.307626010322478
2210,-159.93582813121742
2211,-147.950540588706
2212,-164.81064207346344
2213,-120.9571693963757
2214,-147.35038692462595
2215,-192.68181642360173
2216,-51.97393692490061
2217,-24.231116908225694
2218,-88.78085034415068
2219,-40.41395278980514
2220,-195.69528227510278
2221,-131.93558283377595
2222,-143.07090844249555
2223,-550.8431650297107
2224,-84.72055750986935
2225,-4.907891047776359
2226,-50.27672380939932
2227,-593.7558738630291
2228,-155.72744126920156
2229,-292.3589971682453
2230,-145.2983563654437
2231,-247.88414408410028
2232,-434.5216232946967
2233,-190.4851745770114
2234,-62.81475598218728
2235,-157.91175630260082
2236,-87.09331631395568
2237,-420.2159955478328
2238,-21.163280167461107
2239,-186.48738600937008
2240,-31.986591110425017
2241,-10.376850547342467
2242,-211.19452550601653
2243,-334.87717075901077
2244,-15.591501254929305
2245,-229.27874141378146
2246,-168.51552312541168
2247,-43.50424541203169
2248,-168.02582542093398
2249,-61.85055688303553
2250,-91.72209775099921
2251,-57.066068117851685
2252,-128.71056078753946
2253,-74.52184413778775
2254,-554.782847943951
2255,-79.25565570617562
2256,-20.404023859087594
2257,-236.59404376763152
2258,-138.50436240492166
2259,-238.58946525081475
2260,-180.40984784670994
2261,-99.33936452464738
2262,-48.24232473025576
2263,-161.71078898661438
2264,-728.6639717428296
2265,-7.0215131659328325
2266,-22.773878626640844
2267,-32.157512766683496
2268,-147.7098194825714
2269,-5.716570672103269
2270,-34.52389859861481
2271,-181.05117417063832
2272,-81.31026515512576
2273,-376.0241737171049
2274,-721.4224671103286
2275,-91.42818716841906
2276,-412.80803236622484
2277,-181.52805716124507
2278,-81.27379035404721
2279,-182.15681852112706
2280,-9.4255081853207
2281,-500.0636462160612
2282,-108.10061782878302
2283,-118.632304794269
2284,-116.49363312458044
2285,-158.00427018669515
2286,-84.78274778007379
2287,-303.8350171113817
2288,-1.40903197489821
2289,-84.71693886519832
2290,-250.32749685800545
2291,-17.992729626114716
2292,-252.0957251927392
2293,-80.85605752703023
2294,-490.4720350420857
2295,-456.8465634135699
2296,-22.099639496671486
2297,-8.115213427733611
2298,-363.80518070390673
2299,-0.46380928788065323
2300,-65.47464253501231
2301,-102.41537833561365
2302,-41.78094642375708
2303,-836.5579088273593
2304,-156.5094800548058
2305,-127.9254625884173
2306,-121.45378456508527
2307,-57.23152493476799
2308,-78.7373757292884
2309,-129.37853262490762
2310,-62.9614877204495
2311,-76.35249827270347
2312,-51.327795006327975
2313,-46.159916489849024
2314,-44.42482326594675
2315,-254.8178084811945
2316,-188.07837337125966
2317,-106.76280717070512
2318,-61.66819031808599
2319,-76.2968088898958
2320,-31.39291038517959
2321,-93.76277567269747
2322,-80.04070434058232
2323,-12.910252769867041
2324,-203.65055311157357
2325,-439.5246836764588
2326,-131.36967102395295
2327,-451.8381583131394
2328,-199.20098930469578
2329,-67.94783178356144
2330,-10.871814626071378
2331,-137.3829298554565
2332,-51.05521800970256
2333,-225.2643198369326
2334,-144.43146384189112
2335,-323.40541852463787
2336,-118.9533481044874
2337,-146.28026441639642
2338,-149.0033927977471
2339,-209.94475713267673
2340,-192.8348890080955
2341,-271.7659890701091
2342,-264.0351707777303
2343,-157.46544085596605
2344,-109.31056492096639
2345,-414.76839477832834
2346,-465.7761489276753
2347,-42.140253187597736
2348,-166.3339768652201
2349,-103.00229857894487
2350,-90.26820358843904
2351,-189.37318418310235
2352,-120.49956409774013
2353,-168.89623141054454
2354,-455.6044296349447
2355,-100.47708460268812
2356,-756.2325176837918
2357,-390.5109388545926
2358,-307.0305032001974
2359,-823.3705139429361
2360,-110.64559433121771
2361,-126.4801635279118
2362,-362.5671483650184
2363,-493.11661366749377
2364,-178.53201635335483
2365,-192.52544109270627
2366,-216.40599548534078
2367,-127.92587716009122
2368,-192.64548344115227
2369,-215.621463185998
2370,-488.2317277671435
2371,-27.55242390952075
2372,-25.03369347363584
2373,-30.027879302760702
2374,-653.2751719047944
2375,-13.255687572159445
2376,-277.7965320393548
2377,-190.73008449295554
2378,-52.4168342025996
2379,-99.29609358864319
2380,-419.4994025192743
2381,-144.36633846031356
2382,-223.05212762160608
2383,-196.44015068048452
2384,-208.68515769986652
2385,-708.2431281191193
2386,-80.07258778905097
2387,-38.14170835192974
2388,-73.03805495815809
2389,-287.65681751104927
2390,-207.31276075709394
2391,-77.6860635064441
2392,-65.45018314749603
2393,-3.167830742473213
2394,-151.76387956873106
2395,-460.9994211483848
2396,-227.27721289289406
2397,-426.5738663779191
2398,-187.60929132533496
2399,-178.7395498249213
2400,-104.39979827384678
2401,-327.5379524461601
2402,-33.53396372057004
2403,-605.1373426713469
2404,-75.18755229319858
2405,-543.7840899182597
2406,-101.54071834636781
2407,-66.35336833854184
2408,-8.793763852459199
2409,-77.70642900322375
2410,-54.08370963905122
2411,-134.32668748056858
2412,-40.822075916549814
2413,-83.02734144028702
2414,-80.12445187361787
2415,-73.11507966703758
2416,-251.1430880317825
2417,-51.60386091437831
2418,-160.43709056305937
2419,-6.84821659246758
2420,-198.04183225499338
2421,-80.75092301817382
2422,-6.770083820369576
2423,-108.13784868841604
2424,-215.81557215271218
2425,-147.24274302499614
2426,-612.298948731345
2427,-240.16003855568948
2428,-166.56880648371043
2429,-79.97458369213294
2430,-472.76800522042817
2431,-155.2527622158945
2432,-441.4041994758593
2433,-213.17265549951077
2434,-64.05407280671956
2435,-309.751205254564
2436,-26.18612036666378
2437,-115.68104069541698
2438,-204.40078536394284
2439,-504.06187097594966
2440,-273.7576429740778
2441,-656.0003599465653
2442,-898.6713040775091
2443,-65.23259185014473
2444,-180.10056356103252
2445,-129.82013863529784
2446,-108.29976857384985
2447,-245.76497332340216
2448,-164.3931718367416
2449,-368.7772427293781
2450,-130.24433630681406
2451,-110.47408370997351
2452,-184.98165156389905
2453,-253.74686149406074
2454,-182.234594105292
2455,-95.57297838239653
2456,-213.27166993999927
2457,-155.16926772919373
2458,-320.44194563954693
2459,-107.22864904753195
2460,-150.0882251940209
2461,-584.25169711945
2462,-410.33412147406693
2463,-157.05357890992968
2464,-427.71074790280505
2465,-275.5251004111424
2466,-201.8075724446509
2467,-104.75997557891623
2468,-192.89277052611686
2469,-64.99394115182892
2470,-282.6645043385795
2471,-176.91102495548444
2472,-94.07916927883855
2473,-196.70581630330025
2474,-460.0087947306696
2475,-303.0912085128738
2476,-85.41980760042401
2477,-57.066799151627045
2478,-18.384423993107767
2479,-236.37120606065412
2480,-14.136791785233207
2481,-73.2578998240793
2482,-126.20020311703074
2483,-226.36741583082878
2484,-802.9165513599924
2485,-69.4280964403893
2486,-180.06504985329832
2487,-84.13021020788227
2488,-117.5748861293182
2489,-61.13742180686503
2490,-115.68646119569641
2491,-695.7358157217781
2492,-592.9947405259859
2493,-460.76010998836364
2494,-554.9685182987716
2495,-46.80209107407155
2496,-91.33957069385332
2497,-33.63135407055894
2498,-111.75310911316134
2499,-21.739618627597736
